param_value,repeat,random_seed,train_accuracy,train_balanced_accuracy,train_precision,train_recall,train_f1,test_accuracy,test_balanced_accuracy,test_precision,test_recall,test_f1
3,2.0,43.0,0.8998750000000001,0.5,0.0,0.0,0.0,0.9,0.5,0.0,0.0,0.0
5,2.0,43.0,0.9005,0.5031210986267166,1.0,0.006242197253433207,0.01240694789081886,0.9,0.5,0.0,0.0,0.0
10,2.0,43.0,0.9185833333333333,0.6034106669806697,0.9030476783343708,0.2093216812317936,0.33986221087874674,0.8731666666666666,0.5028703703703704,0.11508741943524553,0.04,0.05934136347571232
20,2.0,43.0,0.99225,0.9668460333736878,0.9868247694334652,0.9350811485642946,0.9602564102564103,0.7866666666666666,0.49333333333333335,0.09132337942596508,0.12666666666666668,0.10612319816141473
