param_value,repeat,random_seed,train_accuracy,train_balanced_accuracy,train_precision,train_recall,train_f1,test_accuracy,test_balanced_accuracy,test_precision,test_recall,test_f1
50,2.0,43.0,0.9012083333333333,0.5066583437369955,1.0,0.013316687473990845,0.0262807067034912,0.9,0.5,0.0,0.0,0.0
100,2.0,43.0,0.9007916666666667,0.5045776113191843,1.0,0.009155222638368704,0.01813356313514455,0.9,0.5,0.0,0.0,0.0
200,2.0,43.0,0.9005833333333334,0.5035372451102789,1.0,0.0070744902205576365,0.014048908280830573,0.9,0.5,0.0,0.0,0.0
300,2.0,43.0,0.9005833333333334,0.5035372451102789,1.0,0.0070744902205576365,0.014048908280830573,0.9,0.5,0.0,0.0,0.0
